STATION,NAME,DATE,AWND,PGTM,PRCP,SNOW,SNWD,TAVG,TMAX,TMIN,TSUN,WDF2,WDF5,WSF2,WSF5
USW00014734,"NEWARK LIBERTY INTERNATIONAL AIRPORT, NJ US",2016-01-01,12.75,,0.00,0.0,0.0,41,43,34,,270,280,25.9,35.1
USW00014734,"NEWARK LIBERTY INTERNATIONAL AIRPORT, NJ US",2016-01-02,9.40,,0.00,0.0,0.0,36,42,30,,260,260,21.0,25.1
USW00014734,"NEWARK LIBERTY INTERNATIONAL AIRPORT, NJ US",2016-01-03,10.29,,0.00,0.0,0.0,37,47,28,,270,250,23.9,30.0
USW00014734,"NEWARK LIBERTY INTERNATIONAL AIRPORT, NJ US",2016-01-04,17.22,,0.00,0.0,0.0,32,35,14,,330,330,25.9,33.1
USW00014734,"NEWARK LIBERTY INTERNATIONAL AIRPORT, NJ US",2016-01-05,9.84,,0.00,0.0,0.0,19,31,10,,360,350,25.1,31.1
USW00014734,"NEWARK LIBERTY INTERNATIONAL AIRPORT, NJ US",2016-01-06,5.37,,0.00,0.0,0.0,28,42,15,,230,250,12.1,16.1
USW00014734,"NEWARK LIBERTY INTERNATIONAL AIRPORT, NJ US",2016-01-07,3.36,,0.00,0.0,0.0,35,46,24,,20,360,8.9,10.1
USW00014734,"NEWARK LIBERTY INTERNATIONAL AIRPORT, NJ US",2016-01-08,8.05,,0.00,0.0,0.0,38,45,31,,20,30,14.1,16.1
USW00014734,"NEWARK LIBERTY INTERNATIONAL AIRPORT, NJ US",2016-01-09,6.71,,0.01,0.0,0.0,44,48,38,,60,70,13.0,17.0
USW00014734,"NEWARK LIBERTY INTERNATIONAL AIRPORT, NJ US",2016-01-10,15.43,,1.77,0.0,0.0,53,65,39,,260,270,36.0,42.9
USW00014734,"NEWARK LIBERTY INTERNATIONAL AIRPORT, NJ US",2016-01-11,16.33,,0.00,0.0,0.0,36,39,24,,270,290,31.1,45.0
USW00014734,"NEWARK LIBERTY INTERNATIONAL AIRPORT, NJ US",2016-01-12,8.72,,0.01,0.0,0.0,31,44,22,,270,240,35.1,42.9
USW00014734,"NEWARK LIBERTY INTERNATIONAL AIRPORT, NJ US",2016-01-13,18.12,,0.00,0.0,0.0,27,31,22,,270,260,31.1,44.1
USW00014734,"NEWARK LIBERTY INTERNATIONAL AIRPORT, NJ US",2016-01-14,8.05,,0.00,0.0,0.0,28,39,23,,250,250,21.0,25.9
USW00014734,"NEWARK LIBERTY INTERNATIONAL AIRPORT, NJ US",2016-01-15,3.80,,0.00,0.0,0.0,38,49,29,,160,160,10.1,15.0
USW00014734,"NEWARK LIBERTY INTERNATIONAL AIRPORT, NJ US",2016-01-16,11.63,,0.26,0.0,0.0,47,55,42,,280,310,21.9,28.0
USW00014734,"NEWARK LIBERTY INTERNATIONAL AIRPORT, NJ US",2016-01-17,9.40,,0.07,0.7,0.0,38,42,29,,320,340,18.1,23.0
USW00014734,"NEWARK LIBERTY INTERNATIONAL AIRPORT, NJ US",2016-01-18,17.22,,0.03,0.5,1.2,27,30,18,,290,280,29.1,38.0
USW00014734,"NEWARK LIBERTY INTERNATIONAL AIRPORT, NJ US",2016-01-19,19.01,,0.00,0.0,0.0,21,31,16,,290,280,29.1,40.0
USW00014734,"NEWARK LIBERTY INTERNATIONAL AIRPORT, NJ US",2016-01-20,9.40,,0.00,0.0,0.0,31,39,27,,300,290,21.9,31.1
USW00014734,"NEWARK LIBERTY INTERNATIONAL AIRPORT, NJ US",2016-01-21,13.42,,0.00,0.0,0.0,32,38,26,,330,290,23.0,31.1
USW00014734,"NEWARK LIBERTY INTERNATIONAL AIRPORT, NJ US",2016-01-22,10.29,,0.03,0.3,0.0,26,30,20,,350,330,21.9,29.1
USW00014734,"NEWARK LIBERTY INTERNATIONAL AIRPORT, NJ US",2016-01-23,22.82,,1.81,24.0,7.1,26,27,23,,10,20,31.1,38.9
USW00014734,"NEWARK LIBERTY INTERNATIONAL AIRPORT, NJ US",2016-01-24,9.40,,0.01,0.2,20.1,26,36,17,,10,360,25.9,31.1
USW00014734,"NEWARK LIBERTY INTERNATIONAL AIRPORT, NJ US",2016-01-25,2.46,,0.00,0.0,18.9,29,37,18,,180,300,6.9,13.0
USW00014734,"NEWARK LIBERTY INTERNATIONAL AIRPORT, NJ US",2016-01-26,5.82,,0.00,0.0,16.9,35,46,25,,230,270,15.0,23.9
USW00014734,"NEWARK LIBERTY INTERNATIONAL AIRPORT, NJ US",2016-01-27,9.62,,0.01,0.0,14.2,42,45,32,,280,270,21.9,29.1
USW00014734,"NEWARK LIBERTY INTERNATIONAL AIRPORT, NJ US",2016-01-28,4.03,,0.00,0.0,9.8,34,42,24,,240,240,14.1,18.1
USW00014734,"NEWARK LIBERTY INTERNATIONAL AIRPORT, NJ US",2016-01-29,10.29,,0.00,0.0,9.1,36,41,30,,300,290,23.9,35.1
USW00014734,"NEWARK LIBERTY INTERNATIONAL AIRPORT, NJ US",2016-01-30,8.28,,0.00,0.0,7.9,32,39,25,,310,300,23.0,30.0
USW00014734,"NEWARK LIBERTY INTERNATIONAL AIRPORT, NJ US",2016-01-31,4.92,,0.00,0.0,7.1,39,54,30,,200,210,12.1,15.0
USW00014734,"NEWARK LIBERTY INTERNATIONAL AIRPORT, NJ US",2016-02-01,8.05,,0.02,0.0,3.9,45,58,36,,360,310,18.1,23.0
USW00014734,"NEWARK LIBERTY INTERNATIONAL AIRPORT, NJ US",2016-02-02,3.80,,0.00,0.0,1.2,43,51,32,,350,,11.0,
USW00014734,"NEWARK LIBERTY INTERNATIONAL AIRPORT, NJ US",2016-02-03,6.49,,0.61,0.0,0.0,48,58,39,,170,160,19.9,30.0
USW00014734,"NEWARK LIBERTY INTERNATIONAL AIRPORT, NJ US",2016-02-04,9.40,,0.01,0.0,0.0,54,56,42,,330,320,23.0,31.1
USW00014734,"NEWARK LIBERTY INTERNATIONAL AIRPORT, NJ US",2016-02-05,12.53,,0.48,2.8,1.2,38,43,31,,290,310,25.9,31.1
USW00014734,"NEWARK LIBERTY INTERNATIONAL AIRPORT, NJ US",2016-02-06,7.16,,0.00,0.0,1.2,33,41,25,,200,200,15.0,18.1
USW00014734,"NEWARK LIBERTY INTERNATIONAL AIRPORT, NJ US",2016-02-07,4.70,,0.00,0.0,0.0,37,47,28,,30,30,19.9,25.1
USW00014734,"NEWARK LIBERTY INTERNATIONAL AIRPORT, NJ US",2016-02-08,12.75,,0.02,0.2,0.0,37,40,29,,30,30,21.9,25.9
USW00014734,"NEWARK LIBERTY INTERNATIONAL AIRPORT, NJ US",2016-02-09,6.04,,0.02,0.2,0.0,31,36,27,,10,20,15.0,21.0
USW00014734,"NEWARK LIBERTY INTERNATIONAL AIRPORT, NJ US",2016-02-10,11.63,,0.02,0.3,0.0,35,42,31,,240,250,23.0,29.1
USW00014734,"NEWARK LIBERTY INTERNATIONAL AIRPORT, NJ US",2016-02-11,19.91,,0.00,0.2,0.0,27,31,19,,270,290,32.0,38.9
USW00014734,"NEWARK LIBERTY INTERNATIONAL AIRPORT, NJ US",2016-02-12,9.17,,0.00,0.0,0.0,21,27,15,,280,290,21.9,31.1
USW00014734,"NEWARK LIBERTY INTERNATIONAL AIRPORT, NJ US",2016-02-13,19.69,,0.00,0.0,0.0,21,24,7,,280,280,36.9,46.1
USW00014734,"NEWARK LIBERTY INTERNATIONAL AIRPORT, NJ US",2016-02-14,11.63,,0.00,0.0,0.0,8,18,0,,300,320,29.1,35.1
USW00014734,"NEWARK LIBERTY INTERNATIONAL AIRPORT, NJ US",2016-02-15,6.93,,0.42,1.5,0.0,18,33,10,,20,360,14.1,17.0
USW00014734,"NEWARK LIBERTY INTERNATIONAL AIRPORT, NJ US",2016-02-16,10.51,,0.99,0.0,1.2,43,55,33,,260,230,28.0,33.1
USW00014734,"NEWARK LIBERTY INTERNATIONAL AIRPORT, NJ US",2016-02-17,9.62,,0.00,0.0,0.0,39,41,32,,280,290,18.1,25.1
USW00014734,"NEWARK LIBERTY INTERNATIONAL AIRPORT, NJ US",2016-02-18,13.42,,0.00,0.0,0.0,33,38,27,,350,310,21.9,28.0
USW00014734,"NEWARK LIBERTY INTERNATIONAL AIRPORT, NJ US",2016-02-19,6.93,,0.00,0.0,0.0,29,38,19,,140,140,15.0,21.9
USW00014734,"NEWARK LIBERTY INTERNATIONAL AIRPORT, NJ US",2016-02-20,11.86,,0.00,0.0,0.0,47,64,38,,230,230,23.0,28.0
USW00014734,"NEWARK LIBERTY INTERNATIONAL AIRPORT, NJ US",2016-02-21,5.59,,0.08,0.0,0.0,51,56,38,,360,350,15.0,18.1
USW00014734,"NEWARK LIBERTY INTERNATIONAL AIRPORT, NJ US",2016-02-22,6.93,,0.00,0.0,0.0,45,54,35,,30,30,15.0,18.1
USW00014734,"NEWARK LIBERTY INTERNATIONAL AIRPORT, NJ US",2016-02-23,12.75,,0.27,0.0,0.0,39,42,34,,40,50,21.0,29.1
USW00014734,"NEWARK LIBERTY INTERNATIONAL AIRPORT, NJ US",2016-02-24,11.41,,1.02,0.0,0.0,42,63,36,,160,160,29.1,51.0
USW00014734,"NEWARK LIBERTY INTERNATIONAL AIRPORT, NJ US",2016-02-25,18.57,,0.05,0.0,0.0,54,64,35,,250,240,33.1,40.0
USW00014734,"NEWARK LIBERTY INTERNATIONAL AIRPORT, NJ US",2016-02-26,17.90,,0.00,0.0,0.0,36,39,28,,310,310,30.0,38.0
USW00014734,"NEWARK LIBERTY INTERNATIONAL AIRPORT, NJ US",2016-02-27,9.62,,0.00,0.0,0.0,33,43,24,,230,250,19.9,25.1
USW00014734,"NEWARK LIBERTY INTERNATIONAL AIRPORT, NJ US",2016-02-28,12.30,,0.00,0.0,0.0,45,62,35,,210,200,23.0,30.0
USW00014734,"NEWARK LIBERTY INTERNATIONAL AIRPORT, NJ US",2016-02-29,13.65,,0.03,0.0,0.0,51,62,42,,250,280,28.0,35.1
USW00014734,"NEWARK LIBERTY INTERNATIONAL AIRPORT, NJ US",2016-03-01,9.40,,0.00,0.0,0.0,45,53,39,,130,140,17.0,21.9
USW00014734,"NEWARK LIBERTY INTERNATIONAL AIRPORT, NJ US",2016-03-02,19.01,,0.12,0.0,0.0,47,57,29,,270,270,36.9,45.0
USW00014734,"NEWARK LIBERTY INTERNATIONAL AIRPORT, NJ US",2016-03-03,9.40,,0.00,0.0,0.0,32,38,26,,310,300,19.9,25.9
USW00014734,"NEWARK LIBERTY INTERNATIONAL AIRPORT, NJ US",2016-03-04,11.18,,0.12,1.4,1.2,33,40,29,,350,350,21.9,28.0
USW00014734,"NEWARK LIBERTY INTERNATIONAL AIRPORT, NJ US",2016-03-05,5.82,,0.00,0.0,0.0,35,43,28,,350,350,17.0,21.9
USW00014734,"NEWARK LIBERTY INTERNATIONAL AIRPORT, NJ US",2016-03-06,4.92,,0.00,0.0,0.0,36,47,27,,30,20,15.0,18.1
USW00014734,"NEWARK LIBERTY INTERNATIONAL AIRPORT, NJ US",2016-03-07,10.51,,0.00,0.0,0.0,43,63,31,,240,230,23.9,30.0
USW00014734,"NEWARK LIBERTY INTERNATIONAL AIRPORT, NJ US",2016-03-08,3.80,,0.00,0.0,0.0,54,65,45,,140,110,13.0,18.1
USW00014734,"NEWARK LIBERTY INTERNATIONAL AIRPORT, NJ US",2016-03-09,6.93,,0.00,0.0,0.0,58,82,42,,230,250,19.9,25.1
USW00014734,"NEWARK LIBERTY INTERNATIONAL AIRPORT, NJ US",2016-03-10,8.50,,0.00,0.0,0.0,70,81,59,,240,240,21.9,25.9
USW00014734,"NEWARK LIBERTY INTERNATIONAL AIRPORT, NJ US",2016-03-11,11.41,,0.03,0.0,0.0,64,69,48,,320,340,23.0,29.1
USW00014734,"NEWARK LIBERTY INTERNATIONAL AIRPORT, NJ US",2016-03-12,8.05,,0.00,0.0,0.0,50,60,38,,220,200,19.9,25.9
USW00014734,"NEWARK LIBERTY INTERNATIONAL AIRPORT, NJ US",2016-03-13,6.49,,0.00,0.0,0.0,56,62,49,,20,50,15.0,18.1
USW00014734,"NEWARK LIBERTY INTERNATIONAL AIRPORT, NJ US",2016-03-14,14.32,,0.52,0.0,0.0,48,52,41,,40,40,23.9,32.0
USW00014734,"NEWARK LIBERTY INTERNATIONAL AIRPORT, NJ US",2016-03-15,9.40,,0.00,0.0,0.0,48,57,45,,40,40,23.9,31.1
USW00014734,"NEWARK LIBERTY INTERNATIONAL AIRPORT, NJ US",2016-03-16,3.58,,0.03,0.0,0.0,54,64,46,,140,130,13.0,17.0
USW00014734,"NEWARK LIBERTY INTERNATIONAL AIRPORT, NJ US",2016-03-17,7.83,,0.00,0.0,0.0,53,66,44,,320,310,35.1,44.1
USW00014734,"NEWARK LIBERTY INTERNATIONAL AIRPORT, NJ US",2016-03-18,14.76,,0.00,0.0,0.0,52,62,41,,300,340,29.1,36.9
USW00014734,"NEWARK LIBERTY INTERNATIONAL AIRPORT, NJ US",2016-03-19,6.71,,0.00,0.0,0.0,43,47,35,,30,20,21.0,25.1
USW00014734,"NEWARK LIBERTY INTERNATIONAL AIRPORT, NJ US",2016-03-20,10.96,,0.07,0.2,0.0,39,44,33,,30,40,19.9,21.9
USW00014734,"NEWARK LIBERTY INTERNATIONAL AIRPORT, NJ US",2016-03-21,14.32,,0.00,0.0,0.0,40,53,33,,320,310,30.0,38.0
USW00014734,"NEWARK LIBERTY INTERNATIONAL AIRPORT, NJ US",2016-03-22,12.08,,0.00,0.0,0.0,44,58,34,,240,260,21.9,31.1
USW00014734,"NEWARK LIBERTY INTERNATIONAL AIRPORT, NJ US",2016-03-23,10.29,,0.00,0.0,0.0,57,74,45,,250,260,21.0,25.9
USW00014734,"NEWARK LIBERTY INTERNATIONAL AIRPORT, NJ US",2016-03-24,9.62,,0.00,0.0,0.0,52,56,44,,30,120,18.1,23.0
USW00014734,"NEWARK LIBERTY INTERNATIONAL AIRPORT, NJ US",2016-03-25,11.41,,0.11,0.0,0.0,57,74,46,,280,330,23.9,29.1
USW00014734,"NEWARK LIBERTY INTERNATIONAL AIRPORT, NJ US",2016-03-26,9.17,,0.00,0.0,0.0,47,54,38,,340,340,19.9,23.0
USW00014734,"NEWARK LIBERTY INTERNATIONAL AIRPORT, NJ US",2016-03-27,6.93,,0.00,0.0,0.0,46,51,44,,160,130,14.1,18.1
USW00014734,"NEWARK LIBERTY INTERNATIONAL AIRPORT, NJ US",2016-03-28,15.21,,0.38,0.0,0.0,48,65,43,,270,270,40.0,57.9
USW00014734,"NEWARK LIBERTY INTERNATIONAL AIRPORT, NJ US",2016-03-29,21.03,,0.00,0.0,0.0,51,56,40,,310,340,32.0,46.1
USW00014734,"NEWARK LIBERTY INTERNATIONAL AIRPORT, NJ US",2016-03-30,8.50,,0.00,0.0,0.0,45,55,33,,180,180,19.9,25.9
USW00014734,"NEWARK LIBERTY INTERNATIONAL AIRPORT, NJ US",2016-03-31,13.87,,0.00,0.0,0.0,58,74,46,,210,200,30.0,38.0
USW00014734,"NEWARK LIBERTY INTERNATIONAL AIRPORT, NJ US",2016-04-01,13.42,,0.00,0.0,0.0,70,80,62,,280,290,29.1,38.9
USW00014734,"NEWARK LIBERTY INTERNATIONAL AIRPORT, NJ US",2016-04-02,9.84,,0.16,0.0,0.0,58,64,42,,270,280,33.1,40.0
USW00014734,"NEWARK LIBERTY INTERNATIONAL AIRPORT, NJ US",2016-04-03,19.91,,0.03,0.0,0.0,43,45,35,,310,310,40.9,55.0
USW00014734,"NEWARK LIBERTY INTERNATIONAL AIRPORT, NJ US",2016-04-04,10.51,,0.44,0.0,0.0,41,44,30,,10,10,23.0,29.1
USW00014734,"NEWARK LIBERTY INTERNATIONAL AIRPORT, NJ US",2016-04-05,16.33,,0.00,0.0,0.0,34,44,26,,360,360,28.0,33.1
USW00014734,"NEWARK LIBERTY INTERNATIONAL AIRPORT, NJ US",2016-04-06,8.50,,0.00,0.0,0.0,38,49,27,,160,160,21.9,31.1
USW00014734,"NEWARK LIBERTY INTERNATIONAL AIRPORT, NJ US",2016-04-07,12.53,,0.09,0.0,0.0,53,61,46,,260,260,30.0,38.0
USW00014734,"NEWARK LIBERTY INTERNATIONAL AIRPORT, NJ US",2016-04-08,14.09,,0.00,0.0,0.0,48,50,38,,250,240,29.1,36.0
USW00014734,"NEWARK LIBERTY INTERNATIONAL AIRPORT, NJ US",2016-04-09,10.74,,0.09,0.0,0.0,40,44,32,,320,320,23.9,29.1
USW00014734,"NEWARK LIBERTY INTERNATIONAL AIRPORT, NJ US",2016-04-10,11.18,,0.00,0.0,0.0,40,52,31,,330,310,23.9,30.0
USW00014734,"NEWARK LIBERTY INTERNATIONAL AIRPORT, NJ US",2016-04-11,10.29,,0.01,0.0,0.0,51,68,42,,200,190,25.9,33.1
USW00014734,"NEWARK LIBERTY INTERNATIONAL AIRPORT, NJ US",2016-04-12,12.30,,0.13,0.0,0.0,56,61,44,,320,330,23.9,35.1
USW00014734,"NEWARK LIBERTY INTERNATIONAL AIRPORT, NJ US",2016-04-13,7.38,,0.00,0.0,0.0,48,58,39,,360,360,17.0,21.9
USW00014734,"NEWARK LIBERTY INTERNATIONAL AIRPORT, NJ US",2016-04-14,7.16,,0.00,0.0,0.0,50,62,41,,30,360,14.1,18.1
USW00014734,"NEWARK LIBERTY INTERNATIONAL AIRPORT, NJ US",2016-04-15,4.70,,0.00,0.0,0.0,51,65,39,,160,90,12.1,14.1
USW00014734,"NEWARK LIBERTY INTERNATIONAL AIRPORT, NJ US",2016-04-16,6.93,,0.00,0.0,0.0,54,68,41,,20,360,16.1,23.9
USW00014734,"NEWARK LIBERTY INTERNATIONAL AIRPORT, NJ US",2016-04-17,3.80,,0.00,0.0,0.0,56,73,42,,150,150,13.0,15.0
USW00014734,"NEWARK LIBERTY INTERNATIONAL AIRPORT, NJ US",2016-04-18,6.49,,0.00,0.0,0.0,64,81,47,,140,40,15.0,19.9
USW00014734,"NEWARK LIBERTY INTERNATIONAL AIRPORT, NJ US",2016-04-19,14.32,,0.00,0.0,0.0,67,74,54,,350,350,28.0,36.0
USW00014734,"NEWARK LIBERTY INTERNATIONAL AIRPORT, NJ US",2016-04-20,9.84,,0.00,0.0,0.0,60,69,50,,340,350,18.1,28.0
USW00014734,"NEWARK LIBERTY INTERNATIONAL AIRPORT, NJ US",2016-04-21,11.86,,0.00,0.0,0.0,60,77,44,,230,200,21.0,29.1
USW00014734,"NEWARK LIBERTY INTERNATIONAL AIRPORT, NJ US",2016-04-22,8.50,,0.00,0.0,0.0,71,83,61,,240,260,18.1,23.0
USW00014734,"NEWARK LIBERTY INTERNATIONAL AIRPORT, NJ US",2016-04-23,12.75,,0.04,0.0,0.0,67,73,54,,340,300,23.0,31.1
USW00014734,"NEWARK LIBERTY INTERNATIONAL AIRPORT, NJ US",2016-04-24,8.28,,0.00,0.0,0.0,58,72,45,,10,360,19.9,23.9
USW00014734,"NEWARK LIBERTY INTERNATIONAL AIRPORT, NJ US",2016-04-25,5.37,,0.00,0.0,0.0,58,68,48,,90,110,13.0,16.1
USW00014734,"NEWARK LIBERTY INTERNATIONAL AIRPORT, NJ US",2016-04-26,8.05,,0.10,0.0,0.0,58,68,46,,290,310,25.9,32.0
USW00014734,"NEWARK LIBERTY INTERNATIONAL AIRPORT, NJ US",2016-04-27,8.05,,0.00,0.0,0.0,51,67,46,,230,230,16.1,21.0
USW00014734,"NEWARK LIBERTY INTERNATIONAL AIRPORT, NJ US",2016-04-28,6.71,,0.00,0.0,0.0,52,58,47,,30,30,15.0,18.1
USW00014734,"NEWARK LIBERTY INTERNATIONAL AIRPORT, NJ US",2016-04-29,7.83,,0.03,0.0,0.0,51,57,47,,110,120,15.0,21.0
USW00014734,"NEWARK LIBERTY INTERNATIONAL AIRPORT, NJ US",2016-04-30,7.16,,0.00,0.0,0.0,52,63,44,,160,140,13.0,21.0
USW00014734,"NEWARK LIBERTY INTERNATIONAL AIRPORT, NJ US",2016-05-01,6.93,,0.21,0.0,0.0,49,51,43,,130,160,14.1,18.1
USW00014734,"NEWARK LIBERTY INTERNATIONAL AIRPORT, NJ US",2016-05-02,4.47,,0.14,0.0,0.0,50,61,45,,350,360,12.1,13.0
USW00014734,"NEWARK LIBERTY INTERNATIONAL AIRPORT, NJ US",2016-05-03,6.49,,0.59,0.0,0.0,54,55,51,,40,40,14.1,16.1
USW00014734,"NEWARK LIBERTY INTERNATIONAL AIRPORT, NJ US",2016-05-04,9.62,,0.01,0.0,0.0,52,58,49,,40,40,18.1,23.9
USW00014734,"NEWARK LIBERTY INTERNATIONAL AIRPORT, NJ US",2016-05-05,12.97,,0.00,0.0,0.0,51,59,46,,30,30,18.1,23.9
USW00014734,"NEWARK LIBERTY INTERNATIONAL AIRPORT, NJ US",2016-05-06,10.51,,0.62,0.0,0.0,52,54,49,,30,90,19.9,28.0
USW00014734,"NEWARK LIBERTY INTERNATIONAL AIRPORT, NJ US",2016-05-07,5.14,,0.10,0.0,0.0,52,59,48,,50,100,12.1,16.1
USW00014734,"NEWARK LIBERTY INTERNATIONAL AIRPORT, NJ US",2016-05-08,10.29,,0.11,0.0,0.0,56,68,47,,310,300,30.0,40.0
USW00014734,"NEWARK LIBERTY INTERNATIONAL AIRPORT, NJ US",2016-05-09,12.75,,0.00,0.0,0.0,61,75,45,,260,250,29.1,38.0
USW00014734,"NEWARK LIBERTY INTERNATIONAL AIRPORT, NJ US",2016-05-10,8.72,,0.00,0.0,0.0,57,62,46,,240,250,18.1,23.0
USW00014734,"NEWARK LIBERTY INTERNATIONAL AIRPORT, NJ US",2016-05-11,6.04,,0.00,0.0,0.0,61,74,49,,240,240,16.1,19.9
USW00014734,"NEWARK LIBERTY INTERNATIONAL AIRPORT, NJ US",2016-05-12,5.37,,0.00,0.0,0.0,67,77,54,,110,100,14.1,18.1
USW00014734,"NEWARK LIBERTY INTERNATIONAL AIRPORT, NJ US",2016-05-13,4.25,,0.29,0.0,0.0,62,66,58,,260,250,12.1,15.0
USW00014734,"NEWARK LIBERTY INTERNATIONAL AIRPORT, NJ US",2016-05-14,9.62,,0.00,0.0,0.0,66,76,56,,260,260,32.0,44.1
USW00014734,"NEWARK LIBERTY INTERNATIONAL AIRPORT, NJ US",2016-05-15,16.11,,0.00,0.0,0.0,54,59,44,,270,270,38.0,48.1
USW00014734,"NEWARK LIBERTY INTERNATIONAL AIRPORT, NJ US",2016-05-16,15.43,,0.00,0.0,0.0,52,69,40,,260,270,30.0,40.9
USW00014734,"NEWARK LIBERTY INTERNATIONAL AIRPORT, NJ US",2016-05-17,9.40,,0.00,0.0,0.0,59,66,52,,220,260,18.1,25.1
USW00014734,"NEWARK LIBERTY INTERNATIONAL AIRPORT, NJ US",2016-05-18,7.16,,0.00,0.0,0.0,57,67,50,,150,30,15.0,23.0
USW00014734,"NEWARK LIBERTY INTERNATIONAL AIRPORT, NJ US",2016-05-19,3.80,,0.00,0.0,0.0,61,72,54,,120,130,14.1,19.9
USW00014734,"NEWARK LIBERTY INTERNATIONAL AIRPORT, NJ US",2016-05-20,5.59,,0.00,0.0,0.0,64,76,52,,330,330,13.0,18.1
USW00014734,"NEWARK LIBERTY INTERNATIONAL AIRPORT, NJ US",2016-05-21,4.70,,0.08,0.0,0.0,62,64,54,,140,110,14.1,18.1
USW00014734,"NEWARK LIBERTY INTERNATIONAL AIRPORT, NJ US",2016-05-22,6.49,,0.04,0.0,0.0,60,70,52,,150,360,12.1,15.0
USW00014734,"NEWARK LIBERTY INTERNATIONAL AIRPORT, NJ US",2016-05-23,5.82,,0.01,0.0,0.0,65,76,53,,140,130,14.1,18.1
USW00014734,"NEWARK LIBERTY INTERNATIONAL AIRPORT, NJ US",2016-05-24,4.70,,0.05,0.0,0.0,65,77,58,,40,260,13.0,19.9
USW00014734,"NEWARK LIBERTY INTERNATIONAL AIRPORT, NJ US",2016-05-25,8.05,,0.00,0.0,0.0,74,91,57,,240,260,19.9,23.9
USW00014734,"NEWARK LIBERTY INTERNATIONAL AIRPORT, NJ US",2016-05-26,6.93,,0.00,0.0,0.0,80,93,64,,160,260,17.0,23.9
USW00014734,"NEWARK LIBERTY INTERNATIONAL AIRPORT, NJ US",2016-05-27,7.38,,0.00,0.0,0.0,79,89,70,,140,150,16.1,21.9
USW00014734,"NEWARK LIBERTY INTERNATIONAL AIRPORT, NJ US",2016-05-28,10.51,,0.00,0.0,0.0,82,96,71,,240,240,19.9,25.9
USW00014734,"NEWARK LIBERTY INTERNATIONAL AIRPORT, NJ US",2016-05-29,8.28,,0.03,0.0,0.0,80,88,69,,140,110,16.1,21.0
USW00014734,"NEWARK LIBERTY INTERNATIONAL AIRPORT, NJ US",2016-05-30,6.49,,1.57,0.0,0.0,75,83,69,,220,230,16.1,21.0
USW00014734,"NEWARK LIBERTY INTERNATIONAL AIRPORT, NJ US",2016-05-31,6.04,,0.00,0.0,0.0,77,85,71,,160,150,10.1,16.1
USW00014734,"NEWARK LIBERTY INTERNATIONAL AIRPORT, NJ US",2016-06-01,7.16,,0.00,0.0,0.0,76,84,67,,140,140,15.0,19.9
USW00014734,"NEWARK LIBERTY INTERNATIONAL AIRPORT, NJ US",2016-06-02,6.71,,0.00,0.0,0.0,68,72,63,,150,160,13.0,17.0
USW00014734,"NEWARK LIBERTY INTERNATIONAL AIRPORT, NJ US",2016-06-03,4.25,,0.03,0.0,0.0,65,70,63,,160,150,8.1,10.1
USW00014734,"NEWARK LIBERTY INTERNATIONAL AIRPORT, NJ US",2016-06-04,5.59,,0.01,0.0,0.0,72,85,65,,130,160,15.0,18.1
USW00014734,"NEWARK LIBERTY INTERNATIONAL AIRPORT, NJ US",2016-06-05,6.93,,0.94,0.0,0.0,69,74,66,,300,300,32.0,45.0
USW00014734,"NEWARK LIBERTY INTERNATIONAL AIRPORT, NJ US",2016-06-06,11.63,,0.00,0.0,0.0,74,86,66,,250,280,23.0,32.0
USW00014734,"NEWARK LIBERTY INTERNATIONAL AIRPORT, NJ US",2016-06-07,11.41,,0.14,0.0,0.0,77,87,64,,280,310,28.0,33.1
USW00014734,"NEWARK LIBERTY INTERNATIONAL AIRPORT, NJ US",2016-06-08,12.53,,0.51,0.0,0.0,63,69,54,,300,290,28.0,35.1
USW00014734,"NEWARK LIBERTY INTERNATIONAL AIRPORT, NJ US",2016-06-09,15.21,,0.00,0.0,0.0,63,75,53,,280,290,29.1,36.9
USW00014734,"NEWARK LIBERTY INTERNATIONAL AIRPORT, NJ US",2016-06-10,11.63,,0.00,0.0,0.0,67,80,56,,340,310,23.0,31.1
USW00014734,"NEWARK LIBERTY INTERNATIONAL AIRPORT, NJ US",2016-06-11,10.07,,0.00,0.0,0.0,72,91,55,,250,230,23.0,31.1
USW00014734,"NEWARK LIBERTY INTERNATIONAL AIRPORT, NJ US",2016-06-12,19.91,,0.00,0.0,0.0,82,88,63,,300,300,32.0,40.9
USW00014734,"NEWARK LIBERTY INTERNATIONAL AIRPORT, NJ US",2016-06-13,15.43,,0.00,0.0,0.0,67,76,57,,330,330,28.0,35.1
USW00014734,"NEWARK LIBERTY INTERNATIONAL AIRPORT, NJ US",2016-06-14,10.51,,0.00,0.0,0.0,69,82,59,,300,300,17.0,25.9
USW00014734,"NEWARK LIBERTY INTERNATIONAL AIRPORT, NJ US",2016-06-15,6.93,,0.00,0.0,0.0,75,87,59,,230,240,16.1,21.0
USW00014734,"NEWARK LIBERTY INTERNATIONAL AIRPORT, NJ US",2016-06-16,4.47,,0.00,0.0,0.0,73,77,67,,230,220,12.1,13.0
USW00014734,"NEWARK LIBERTY INTERNATIONAL AIRPORT, NJ US",2016-06-17,7.83,,0.00,0.0,0.0,71,79,63,,130,130,17.0,23.9
USW00014734,"NEWARK LIBERTY INTERNATIONAL AIRPORT, NJ US",2016-06-18,5.59,,0.00,0.0,0.0,72,86,58,,150,160,14.1,18.1
USW00014734,"NEWARK LIBERTY INTERNATIONAL AIRPORT, NJ US",2016-06-19,6.71,,0.00,0.0,0.0,75,88,63,,110,110,16.1,21.9
USW00014734,"NEWARK LIBERTY INTERNATIONAL AIRPORT, NJ US",2016-06-20,6.49,,0.00,0.0,0.0,74,85,65,,230,230,17.0,23.0
USW00014734,"NEWARK LIBERTY INTERNATIONAL AIRPORT, NJ US",2016-06-21,10.74,,0.00,0.0,0.0,82,91,73,,310,310,25.1,32.0
USW00014734,"NEWARK LIBERTY INTERNATIONAL AIRPORT, NJ US",2016-06-22,8.28,,0.00,0.0,0.0,79,90,67,,310,310,29.1,35.1
USW00014734,"NEWARK LIBERTY INTERNATIONAL AIRPORT, NJ US",2016-06-23,4.47,,0.00,0.0,0.0,76,83,69,,150,280,10.1,14.1
USW00014734,"NEWARK LIBERTY INTERNATIONAL AIRPORT, NJ US",2016-06-24,8.28,,0.00,0.0,0.0,75,83,68,,110,140,18.1,23.9
USW00014734,"NEWARK LIBERTY INTERNATIONAL AIRPORT, NJ US",2016-06-25,7.38,,0.00,0.0,0.0,73,82,64,,130,150,15.0,19.9
USW00014734,"NEWARK LIBERTY INTERNATIONAL AIRPORT, NJ US",2016-06-26,7.38,,0.00,0.0,0.0,75,86,65,,150,140,16.1,21.9
USW00014734,"NEWARK LIBERTY INTERNATIONAL AIRPORT, NJ US",2016-06-27,9.17,,0.37,0.0,0.0,75,87,64,,190,170,16.1,21.9
USW00014734,"NEWARK LIBERTY INTERNATIONAL AIRPORT, NJ US",2016-06-28,5.82,,0.39,0.0,0.0,73,78,69,,310,280,19.9,25.9
USW00014734,"NEWARK LIBERTY INTERNATIONAL AIRPORT, NJ US",2016-06-29,8.28,,0.01,0.0,0.0,75,87,68,,270,270,18.1,21.9
USW00014734,"NEWARK LIBERTY INTERNATIONAL AIRPORT, NJ US",2016-06-30,7.16,,0.00,0.0,0.0,77,88,67,,260,270,17.0,21.9
USW00014734,"NEWARK LIBERTY INTERNATIONAL AIRPORT, NJ US",2016-07-01,7.38,,0.20,0.0,0.0,75,80,70,,180,180,23.0,29.1
USW00014734,"NEWARK LIBERTY INTERNATIONAL AIRPORT, NJ US",2016-07-02,13.42,,0.00,0.0,0.0,73,80,66,,310,300,21.9,31.1
USW00014734,"NEWARK LIBERTY INTERNATIONAL AIRPORT, NJ US",2016-07-03,7.38,,0.00,0.0,0.0,74,83,63,,230,230,18.1,23.0
USW00014734,"NEWARK LIBERTY INTERNATIONAL AIRPORT, NJ US",2016-07-04,8.28,,0.46,0.0,0.0,74,84,62,,200,200,21.9,25.9
USW00014734,"NEWARK LIBERTY INTERNATIONAL AIRPORT, NJ US",2016-07-05,7.16,,0.17,0.0,0.0,77,89,70,,270,280,17.0,23.0
USW00014734,"NEWARK LIBERTY INTERNATIONAL AIRPORT, NJ US",2016-07-06,5.14,,0.00,0.0,0.0,84,95,74,,250,240,16.1,19.9
USW00014734,"NEWARK LIBERTY INTERNATIONAL AIRPORT, NJ US",2016-07-07,7.61,,0.01,0.0,0.0,85,95,77,,240,240,23.9,33.1
USW00014734,"NEWARK LIBERTY INTERNATIONAL AIRPORT, NJ US",2016-07-08,9.62,,0.05,0.0,0.0,81,90,69,,130,140,17.0,21.9
USW00014734,"NEWARK LIBERTY INTERNATIONAL AIRPORT, NJ US",2016-07-09,7.61,,0.49,0.0,0.0,69,71,66,,30,90,14.1,18.1
USW00014734,"NEWARK LIBERTY INTERNATIONAL AIRPORT, NJ US",2016-07-10,9.17,,0.00,0.0,0.0,74,84,67,,300,290,19.9,25.9
USW00014734,"NEWARK LIBERTY INTERNATIONAL AIRPORT, NJ US",2016-07-11,6.71,,0.00,0.0,0.0,74,84,65,,20,300,14.1,21.9
USW00014734,"NEWARK LIBERTY INTERNATIONAL AIRPORT, NJ US",2016-07-12,7.38,,0.00,0.0,0.0,75,84,67,,160,160,18.1,23.9
USW00014734,"NEWARK LIBERTY INTERNATIONAL AIRPORT, NJ US",2016-07-13,6.71,,0.00,0.0,0.0,78,88,69,,190,210,8.9,16.1
USW00014734,"NEWARK LIBERTY INTERNATIONAL AIRPORT, NJ US",2016-07-14,6.49,,0.12,0.0,0.0,81,91,76,,280,290,36.0,46.1
USW00014734,"NEWARK LIBERTY INTERNATIONAL AIRPORT, NJ US",2016-07-15,9.40,,0.00,0.0,0.0,86,94,78,,230,260,18.1,23.0
USW00014734,"NEWARK LIBERTY INTERNATIONAL AIRPORT, NJ US",2016-07-16,6.93,,0.57,0.0,0.0,82,91,75,,180,140,18.1,25.9
USW00014734,"NEWARK LIBERTY INTERNATIONAL AIRPORT, NJ US",2016-07-17,6.04,,0.00,0.0,0.0,81,93,73,,260,260,18.1,21.0
USW00014734,"NEWARK LIBERTY INTERNATIONAL AIRPORT, NJ US",2016-07-18,10.96,,0.23,0.0,0.0,83,95,72,,240,240,48.1,66.0
USW00014734,"NEWARK LIBERTY INTERNATIONAL AIRPORT, NJ US",2016-07-19,11.86,,0.00,0.0,0.0,79,85,72,,330,290,21.0,28.0
USW00014734,"NEWARK LIBERTY INTERNATIONAL AIRPORT, NJ US",2016-07-20,7.61,,0.00,0.0,0.0,76,86,66,,250,240,13.0,17.0
USW00014734,"NEWARK LIBERTY INTERNATIONAL AIRPORT, NJ US",2016-07-21,9.62,,0.00,0.0,0.0,80,92,69,,210,230,23.0,27.1
USW00014734,"NEWARK LIBERTY INTERNATIONAL AIRPORT, NJ US",2016-07-22,14.76,,0.00,0.0,0.0,84,97,73,,230,220,23.0,29.1
USW00014734,"NEWARK LIBERTY INTERNATIONAL AIRPORT, NJ US",2016-07-23,11.63,,0.00,0.0,0.0,89,98,80,,270,260,23.0,29.1
USW00014734,"NEWARK LIBERTY INTERNATIONAL AIRPORT, NJ US",2016-07-24,8.05,,0.00,0.0,0.0,87,96,73,,250,260,18.1,25.1
USW00014734,"NEWARK LIBERTY INTERNATIONAL AIRPORT, NJ US",2016-07-25,9.17,,1.84,0.0,0.0,84,99,73,,90,90,29.1,47.0
USW00014734,"NEWARK LIBERTY INTERNATIONAL AIRPORT, NJ US",2016-07-26,10.51,,0.00,0.0,0.0,81,93,72,,300,300,21.0,28.0
USW00014734,"NEWARK LIBERTY INTERNATIONAL AIRPORT, NJ US",2016-07-27,6.26,,0.00,0.0,0.0,84,93,73,,190,280,14.1,21.9
USW00014734,"NEWARK LIBERTY INTERNATIONAL AIRPORT, NJ US",2016-07-28,6.49,,0.00,0.0,0.0,83,93,75,,220,220,21.0,29.1
USW00014734,"NEWARK LIBERTY INTERNATIONAL AIRPORT, NJ US",2016-07-29,8.95,,0.87,0.0,0.0,77,86,70,,30,50,17.0,21.9
USW00014734,"NEWARK LIBERTY INTERNATIONAL AIRPORT, NJ US",2016-07-30,5.82,,0.36,0.0,0.0,78,86,73,,160,160,16.1,19.9
USW00014734,"NEWARK LIBERTY INTERNATIONAL AIRPORT, NJ US",2016-07-31,7.83,,0.71,0.0,0.0,76,80,72,,100,90,14.1,19.9
USW00014734,"NEWARK LIBERTY INTERNATIONAL AIRPORT, NJ US",2016-08-01,6.71,,0.00,0.0,0.0,74,79,71,,60,70,13.0,17.0
USW00014734,"NEWARK LIBERTY INTERNATIONAL AIRPORT, NJ US",2016-08-02,6.93,,0.00,0.0,0.0,74,80,67,,40,40,14.1,17.0
USW00014734,"NEWARK LIBERTY INTERNATIONAL AIRPORT, NJ US",2016-08-03,6.71,,0.00,0.0,0.0,73,80,65,,160,150,15.0,19.9
USW00014734,"NEWARK LIBERTY INTERNATIONAL AIRPORT, NJ US",2016-08-04,6.49,,0.00,0.0,0.0,74,81,64,,160,150,13.0,18.1
USW00014734,"NEWARK LIBERTY INTERNATIONAL AIRPORT, NJ US",2016-08-05,8.50,,0.00,0.0,0.0,75,84,67,,200,210,16.1,21.9
USW00014734,"NEWARK LIBERTY INTERNATIONAL AIRPORT, NJ US",2016-08-06,9.40,,0.09,0.0,0.0,79,91,72,,300,300,25.1,32.0
USW00014734,"NEWARK LIBERTY INTERNATIONAL AIRPORT, NJ US",2016-08-07,8.50,,0.00,0.0,0.0,81,89,71,,270,320,18.1,23.0
USW00014734,"NEWARK LIBERTY INTERNATIONAL AIRPORT, NJ US",2016-08-08,6.26,,0.00,0.0,0.0,80,87,69,,330,320,13.0,16.1
USW00014734,"NEWARK LIBERTY INTERNATIONAL AIRPORT, NJ US",2016-08-09,7.38,,0.00,0.0,0.0,79,87,68,,150,140,16.1,21.9
USW00014734,"NEWARK LIBERTY INTERNATIONAL AIRPORT, NJ US",2016-08-10,10.07,,0.11,0.0,0.0,81,90,75,,220,230,21.0,25.1
USW00014734,"NEWARK LIBERTY INTERNATIONAL AIRPORT, NJ US",2016-08-11,10.07,,0.11,0.0,0.0,86,96,75,,300,310,21.0,28.0
USW00014734,"NEWARK LIBERTY INTERNATIONAL AIRPORT, NJ US",2016-08-12,10.74,,0.17,0.0,0.0,84,97,74,,250,250,32.0,46.1
USW00014734,"NEWARK LIBERTY INTERNATIONAL AIRPORT, NJ US",2016-08-13,8.50,,0.00,0.0,0.0,87,98,79,,230,230,18.1,25.1
USW00014734,"NEWARK LIBERTY INTERNATIONAL AIRPORT, NJ US",2016-08-14,10.74,,0.00,0.0,0.0,89,97,80,,270,280,31.1,38.0
USW00014734,"NEWARK LIBERTY INTERNATIONAL AIRPORT, NJ US",2016-08-15,7.16,,0.00,0.0,0.0,85,94,77,,290,300,14.1,19.0
USW00014734,"NEWARK LIBERTY INTERNATIONAL AIRPORT, NJ US",2016-08-16,10.51,,0.01,0.0,0.0,85,93,77,,260,250,28.0,36.9
USW00014734,"NEWARK LIBERTY INTERNATIONAL AIRPORT, NJ US",2016-08-17,10.74,,0.20,0.0,0.0,82,88,76,,250,250,36.0,45.0
USW00014734,"NEWARK LIBERTY INTERNATIONAL AIRPORT, NJ US",2016-08-18,5.59,,0.10,0.0,0.0,80,87,73,,260,260,15.0,19.9
USW00014734,"NEWARK LIBERTY INTERNATIONAL AIRPORT, NJ US",2016-08-19,6.93,,0.00,0.0,0.0,81,90,74,,20,360,17.0,21.0
USW00014734,"NEWARK LIBERTY INTERNATIONAL AIRPORT, NJ US",2016-08-20,7.61,,0.00,0.0,0.0,80,87,72,,140,130,17.0,23.0
USW00014734,"NEWARK LIBERTY INTERNATIONAL AIRPORT, NJ US",2016-08-21,9.17,,0.13,0.0,0.0,80,87,74,,130,140,18.1,25.1
USW00014734,"NEWARK LIBERTY INTERNATIONAL AIRPORT, NJ US",2016-08-22,13.87,,0.00,0.0,0.0,76,81,67,,320,320,23.9,36.0
USW00014734,"NEWARK LIBERTY INTERNATIONAL AIRPORT, NJ US",2016-08-23,6.26,,0.00,0.0,0.0,73,84,59,,260,270,15.0,19.9
USW00014734,"NEWARK LIBERTY INTERNATIONAL AIRPORT, NJ US",2016-08-24,7.38,,0.00,0.0,0.0,76,90,63,,210,260,15.0,19.9
USW00014734,"NEWARK LIBERTY INTERNATIONAL AIRPORT, NJ US",2016-08-25,10.07,,0.01,0.0,0.0,78,88,67,,260,180,18.1,23.9
USW00014734,"NEWARK LIBERTY INTERNATIONAL AIRPORT, NJ US",2016-08-26,11.41,,0.00,0.0,0.0,83,95,75,,350,310,21.9,29.1
USW00014734,"NEWARK LIBERTY INTERNATIONAL AIRPORT, NJ US",2016-08-27,7.16,,0.00,0.0,0.0,80,88,71,,140,140,15.0,19.9
USW00014734,"NEWARK LIBERTY INTERNATIONAL AIRPORT, NJ US",2016-08-28,6.71,,0.00,0.0,0.0,79,87,72,,200,160,15.0,19.9
USW00014734,"NEWARK LIBERTY INTERNATIONAL AIRPORT, NJ US",2016-08-29,10.96,,0.00,0.0,0.0,81,93,72,,330,310,19.9,28.0
USW00014734,"NEWARK LIBERTY INTERNATIONAL AIRPORT, NJ US",2016-08-30,7.83,,0.00,0.0,0.0,77,85,68,,10,150,14.1,19.0
USW00014734,"NEWARK LIBERTY INTERNATIONAL AIRPORT, NJ US",2016-08-31,7.61,,0.00,0.0,0.0,79,92,74,,290,280,15.0,18.1
USW00014734,"NEWARK LIBERTY INTERNATIONAL AIRPORT, NJ US",2016-09-01,6.71,,0.21,0.0,0.0,75,81,66,,340,310,17.0,23.9
USW00014734,"NEWARK LIBERTY INTERNATIONAL AIRPORT, NJ US",2016-09-02,10.74,,0.00,0.0,0.0,73,82,65,,360,350,17.0,25.1
USW00014734,"NEWARK LIBERTY INTERNATIONAL AIRPORT, NJ US",2016-09-03,10.96,,0.00,0.0,0.0,71,77,65,,30,30,21.0,30.0
USW00014734,"NEWARK LIBERTY INTERNATIONAL AIRPORT, NJ US",2016-09-04,10.51,,0.00,0.0,0.0,71,82,62,,40,40,18.1,23.9
USW00014734,"NEWARK LIBERTY INTERNATIONAL AIRPORT, NJ US",2016-09-05,14.32,,0.00,0.0,0.0,73,86,58,,340,340,25.9,33.1
USW00014734,"NEWARK LIBERTY INTERNATIONAL AIRPORT, NJ US",2016-09-06,19.69,,0.00,0.0,0.0,78,82,69,,10,360,29.1,36.0
USW00014734,"NEWARK LIBERTY INTERNATIONAL AIRPORT, NJ US",2016-09-07,11.86,,0.00,0.0,0.0,76,87,69,,20,20,21.9,27.1
USW00014734,"NEWARK LIBERTY INTERNATIONAL AIRPORT, NJ US",2016-09-08,6.04,,0.00,0.0,0.0,80,92,71,,240,240,14.1,19.0
USW00014734,"NEWARK LIBERTY INTERNATIONAL AIRPORT, NJ US",2016-09-09,7.38,,0.00,0.0,0.0,87,93,78,,350,360,14.1,17.0
USW00014734,"NEWARK LIBERTY INTERNATIONAL AIRPORT, NJ US",2016-09-10,7.61,,0.01,0.0,0.0,83,92,76,,200,230,18.1,25.9
USW00014734,"NEWARK LIBERTY INTERNATIONAL AIRPORT, NJ US",2016-09-11,13.42,,0.00,0.0,0.0,81,86,66,,330,300,25.9,33.1
USW00014734,"NEWARK LIBERTY INTERNATIONAL AIRPORT, NJ US",2016-09-12,6.71,,0.00,0.0,0.0,69,78,57,,150,150,13.0,17.0
USW00014734,"NEWARK LIBERTY INTERNATIONAL AIRPORT, NJ US",2016-09-13,7.61,,0.00,0.0,0.0,71,84,60,,200,200,19.9,23.0
USW00014734,"NEWARK LIBERTY INTERNATIONAL AIRPORT, NJ US",2016-09-14,10.96,,0.00,0.0,0.0,77,94,66,,320,320,36.0,50.1
USW00014734,"NEWARK LIBERTY INTERNATIONAL AIRPORT, NJ US",2016-09-15,9.62,,0.00,0.0,0.0,69,75,60,,30,30,23.0,29.1
USW00014734,"NEWARK LIBERTY INTERNATIONAL AIRPORT, NJ US",2016-09-16,6.04,,0.00,0.0,0.0,67,73,57,,170,170,14.1,18.1
USW00014734,"NEWARK LIBERTY INTERNATIONAL AIRPORT, NJ US",2016-09-17,7.61,,0.00,0.0,0.0,68,77,59,,140,110,17.0,21.9
USW00014734,"NEWARK LIBERTY INTERNATIONAL AIRPORT, NJ US",2016-09-18,8.95,,0.00,0.0,0.0,75,87,68,,230,200,17.0,23.0
USW00014734,"NEWARK LIBERTY INTERNATIONAL AIRPORT, NJ US",2016-09-19,4.92,,1.03,0.0,0.0,74,76,70,,280,190,13.0,17.0
USW00014734,"NEWARK LIBERTY INTERNATIONAL AIRPORT, NJ US",2016-09-20,5.14,,0.00,0.0,0.0,75,84,69,,350,340,13.0,17.0
USW00014734,"NEWARK LIBERTY INTERNATIONAL AIRPORT, NJ US",2016-09-21,7.61,,0.00,0.0,0.0,76,86,67,,20,10,17.0,19.9
USW00014734,"NEWARK LIBERTY INTERNATIONAL AIRPORT, NJ US",2016-09-22,5.59,,0.00,0.0,0.0,73,84,61,,170,170,12.1,17.0
USW00014734,"NEWARK LIBERTY INTERNATIONAL AIRPORT, NJ US",2016-09-23,5.37,,0.01,0.0,0.0,75,90,60,,10,10,23.0,25.9
USW00014734,"NEWARK LIBERTY INTERNATIONAL AIRPORT, NJ US",2016-09-24,11.41,,0.44,0.0,0.0,68,72,58,,20,30,21.9,25.9
USW00014734,"NEWARK LIBERTY INTERNATIONAL AIRPORT, NJ US",2016-09-25,6.49,,0.00,0.0,0.0,62,71,52,,320,310,15.0,21.9
USW00014734,"NEWARK LIBERTY INTERNATIONAL AIRPORT, NJ US",2016-09-26,8.95,,0.00,0.0,0.0,63,73,51,,140,140,18.1,25.1
USW00014734,"NEWARK LIBERTY INTERNATIONAL AIRPORT, NJ US",2016-09-27,5.82,,0.12,0.0,0.0,69,76,62,,230,230,14.1,21.0
USW00014734,"NEWARK LIBERTY INTERNATIONAL AIRPORT, NJ US",2016-09-28,12.30,,0.00,0.0,0.0,65,73,56,,30,80,19.9,25.9
USW00014734,"NEWARK LIBERTY INTERNATIONAL AIRPORT, NJ US",2016-09-29,14.32,,0.04,0.0,0.0,61,65,58,,50,50,23.0,30.0
USW00014734,"NEWARK LIBERTY INTERNATIONAL AIRPORT, NJ US",2016-09-30,16.33,,0.31,0.0,0.0,59,60,56,,30,30,23.9,31.1
USW00014734,"NEWARK LIBERTY INTERNATIONAL AIRPORT, NJ US",2016-10-01,11.41,,0.00,0.0,0.0,59,63,56,,30,40,16.1,23.0
USW00014734,"NEWARK LIBERTY INTERNATIONAL AIRPORT, NJ US",2016-10-02,5.59,,0.00,0.0,0.0,60,65,57,,40,40,13.0,16.1
USW00014734,"NEWARK LIBERTY INTERNATIONAL AIRPORT, NJ US",2016-10-03,4.92,,0.00,0.0,0.0,65,74,60,,290,300,12.1,19.0
USW00014734,"NEWARK LIBERTY INTERNATIONAL AIRPORT, NJ US",2016-10-04,10.29,,0.00,0.0,0.0,65,71,61,,40,40,18.1,23.0
USW00014734,"NEWARK LIBERTY INTERNATIONAL AIRPORT, NJ US",2016-10-05,7.16,,0.00,0.0,0.0,61,68,52,,20,40,15.0,18.1
USW00014734,"NEWARK LIBERTY INTERNATIONAL AIRPORT, NJ US",2016-10-06,5.14,,0.00,0.0,0.0,62,75,51,,160,160,8.9,12.1
USW00014734,"NEWARK LIBERTY INTERNATIONAL AIRPORT, NJ US",2016-10-07,4.47,,0.00,0.0,0.0,63,74,53,,160,140,13.0,17.0
USW00014734,"NEWARK LIBERTY INTERNATIONAL AIRPORT, NJ US",2016-10-08,5.37,,0.17,0.0,0.0,63,69,55,,320,320,14.1,17.0
USW00014734,"NEWARK LIBERTY INTERNATIONAL AIRPORT, NJ US",2016-10-09,17.00,,0.48,0.0,0.0,60,66,52,,360,340,29.1,35.1
USW00014734,"NEWARK LIBERTY INTERNATIONAL AIRPORT, NJ US",2016-10-10,12.97,,0.00,0.0,0.0,56,66,47,,350,350,23.0,30.0
USW00014734,"NEWARK LIBERTY INTERNATIONAL AIRPORT, NJ US",2016-10-11,5.37,,0.00,0.0,0.0,53,64,43,,140,140,13.0,15.0
USW00014734,"NEWARK LIBERTY INTERNATIONAL AIRPORT, NJ US",2016-10-12,4.47,,0.00,0.0,0.0,58,67,47,,140,150,10.1,15.0
USW00014734,"NEWARK LIBERTY INTERNATIONAL AIRPORT, NJ US",2016-10-13,7.83,,0.01,0.0,0.0,60,68,52,,330,340,21.9,27.1
USW00014734,"NEWARK LIBERTY INTERNATIONAL AIRPORT, NJ US",2016-10-14,8.05,,0.00,0.0,0.0,56,64,46,,330,340,16.1,21.0
USW00014734,"NEWARK LIBERTY INTERNATIONAL AIRPORT, NJ US",2016-10-15,6.71,,0.00,0.0,0.0,53,64,42,,140,150,14.1,17.0
USW00014734,"NEWARK LIBERTY INTERNATIONAL AIRPORT, NJ US",2016-10-16,8.50,,0.00,0.0,0.0,58,73,45,,240,240,17.0,21.9
USW00014734,"NEWARK LIBERTY INTERNATIONAL AIRPORT, NJ US",2016-10-17,6.49,,0.00,0.0,0.0,70,83,60,,260,260,15.0,19.9
USW00014734,"NEWARK LIBERTY INTERNATIONAL AIRPORT, NJ US",2016-10-18,9.62,,0.00,0.0,0.0,72,85,62,,210,200,21.9,28.0
USW00014734,"NEWARK LIBERTY INTERNATIONAL AIRPORT, NJ US",2016-10-19,9.84,,0.00,0.0,0.0,76,87,64,,350,310,18.1,23.9
USW00014734,"NEWARK LIBERTY INTERNATIONAL AIRPORT, NJ US",2016-10-20,9.40,,0.00,0.0,0.0,67,71,60,,100,100,16.1,23.0
USW00014734,"NEWARK LIBERTY INTERNATIONAL AIRPORT, NJ US",2016-10-21,4.47,,0.22,0.0,0.0,68,71,58,,310,300,21.0,25.9
USW00014734,"NEWARK LIBERTY INTERNATIONAL AIRPORT, NJ US",2016-10-22,16.11,,0.55,0.0,0.0,54,58,47,,280,290,35.1,42.9
USW00014734,"NEWARK LIBERTY INTERNATIONAL AIRPORT, NJ US",2016-10-23,14.32,,0.00,0.0,0.0,53,65,44,,280,280,30.0,40.0
USW00014734,"NEWARK LIBERTY INTERNATIONAL AIRPORT, NJ US",2016-10-24,12.75,,0.00,0.0,0.0,57,66,47,,300,300,28.0,34.0
USW00014734,"NEWARK LIBERTY INTERNATIONAL AIRPORT, NJ US",2016-10-25,11.63,,0.00,0.0,0.0,49,54,42,,320,300,23.9,31.1
USW00014734,"NEWARK LIBERTY INTERNATIONAL AIRPORT, NJ US",2016-10-26,10.96,,0.00,0.0,0.0,45,52,37,,310,330,21.0,25.9
USW00014734,"NEWARK LIBERTY INTERNATIONAL AIRPORT, NJ US",2016-10-27,8.05,,0.65,0.0,0.0,45,56,42,,90,80,15.0,21.0
USW00014734,"NEWARK LIBERTY INTERNATIONAL AIRPORT, NJ US",2016-10-28,13.87,,0.00,0.0,0.0,48,51,42,,300,320,32.0,40.9
USW00014734,"NEWARK LIBERTY INTERNATIONAL AIRPORT, NJ US",2016-10-29,8.95,,0.00,0.0,0.0,49,66,37,,230,230,19.9,27.1
USW00014734,"NEWARK LIBERTY INTERNATIONAL AIRPORT, NJ US",2016-10-30,9.40,,0.92,0.0,0.0,65,78,54,,330,340,38.0,53.0
USW00014734,"NEWARK LIBERTY INTERNATIONAL AIRPORT, NJ US",2016-10-31,10.96,,0.00,0.0,0.0,52,57,43,,320,330,23.0,31.1
USW00014734,"NEWARK LIBERTY INTERNATIONAL AIRPORT, NJ US",2016-11-01,7.38,,0.00,0.0,0.0,48,60,37,,140,250,13.0,18.1
USW00014734,"NEWARK LIBERTY INTERNATIONAL AIRPORT, NJ US",2016-11-02,8.05,,0.00,0.0,0.0,59,73,51,,250,240,16.1,19.9
USW00014734,"NEWARK LIBERTY INTERNATIONAL AIRPORT, NJ US",2016-11-03,11.63,,0.00,0.0,0.0,63,74,57,,340,340,23.9,32.0
USW00014734,"NEWARK LIBERTY INTERNATIONAL AIRPORT, NJ US",2016-11-04,11.63,,0.00,0.0,0.0,58,62,47,,320,320,21.9,27.1
USW00014734,"NEWARK LIBERTY INTERNATIONAL AIRPORT, NJ US",2016-11-05,8.50,,0.00,0.0,0.0,52,65,40,,320,320,21.0,25.1
USW00014734,"NEWARK LIBERTY INTERNATIONAL AIRPORT, NJ US",2016-11-06,13.20,,0.00,0.0,0.0,54,60,43,,330,320,23.9,30.0
USW00014734,"NEWARK LIBERTY INTERNATIONAL AIRPORT, NJ US",2016-11-07,7.61,,0.00,0.0,0.0,47,56,36,,10,10,17.0,21.9
USW00014734,"NEWARK LIBERTY INTERNATIONAL AIRPORT, NJ US",2016-11-08,4.03,,0.00,0.0,0.0,51,69,38,,260,290,12.1,17.0
USW00014734,"NEWARK LIBERTY INTERNATIONAL AIRPORT, NJ US",2016-11-09,7.83,,0.20,0.0,0.0,55,58,48,,340,330,23.9,29.1
USW00014734,"NEWARK LIBERTY INTERNATIONAL AIRPORT, NJ US",2016-11-10,10.96,,0.00,0.0,0.0,49,58,41,,330,330,25.1,31.1
USW00014734,"NEWARK LIBERTY INTERNATIONAL AIRPORT, NJ US",2016-11-11,17.22,,0.00,0.0,0.0,53,64,42,,330,320,35.1,40.9
USW00014734,"NEWARK LIBERTY INTERNATIONAL AIRPORT, NJ US",2016-11-12,9.84,,0.00,0.0,0.0,44,53,37,,320,340,21.9,27.1
USW00014734,"NEWARK LIBERTY INTERNATIONAL AIRPORT, NJ US",2016-11-13,9.17,,0.00,0.0,0.0,46,63,34,,230,250,18.1,23.0
USW00014734,"NEWARK LIBERTY INTERNATIONAL AIRPORT, NJ US",2016-11-14,5.82,,0.00,0.0,0.0,49,63,37,,250,250,15.0,19.9
USW00014734,"NEWARK LIBERTY INTERNATIONAL AIRPORT, NJ US",2016-11-15,10.74,,2.79,0.0,0.0,52,54,46,,360,360,29.1,35.1
USW00014734,"NEWARK LIBERTY INTERNATIONAL AIRPORT, NJ US",2016-11-16,9.17,,0.00,0.0,0.0,51,64,41,,270,260,18.1,25.1
USW00014734,"NEWARK LIBERTY INTERNATIONAL AIRPORT, NJ US",2016-11-17,9.84,,0.00,0.0,0.0,55,63,48,,320,330,23.0,28.0
USW00014734,"NEWARK LIBERTY INTERNATIONAL AIRPORT, NJ US",2016-11-18,4.25,,0.00,0.0,0.0,54,67,44,,350,330,14.1,16.1
USW00014734,"NEWARK LIBERTY INTERNATIONAL AIRPORT, NJ US",2016-11-19,9.17,,0.20,0.0,0.0,53,61,36,,290,290,28.0,36.0
USW00014734,"NEWARK LIBERTY INTERNATIONAL AIRPORT, NJ US",2016-11-20,21.47,,0.23,0.0,0.0,42,43,34,,260,260,36.9,45.0
USW00014734,"NEWARK LIBERTY INTERNATIONAL AIRPORT, NJ US",2016-11-21,21.03,,0.00,0.0,0.0,39,42,37,,300,280,33.1,46.1
USW00014734,"NEWARK LIBERTY INTERNATIONAL AIRPORT, NJ US",2016-11-22,18.12,,0.00,0.0,0.0,39,44,37,,300,300,32.0,42.1
USW00014734,"NEWARK LIBERTY INTERNATIONAL AIRPORT, NJ US",2016-11-23,9.17,,0.00,0.0,0.0,40,48,33,,320,320,18.1,25.9
USW00014734,"NEWARK LIBERTY INTERNATIONAL AIRPORT, NJ US",2016-11-24,6.93,,0.00,0.0,0.0,43,50,35,,360,360,13.0,16.1
USW00014734,"NEWARK LIBERTY INTERNATIONAL AIRPORT, NJ US",2016-11-25,4.70,,0.01,0.0,0.0,48,55,45,,220,,8.1,
USW00014734,"NEWARK LIBERTY INTERNATIONAL AIRPORT, NJ US",2016-11-26,8.95,,0.00,0.0,0.0,48,53,41,,330,320,21.0,28.0
USW00014734,"NEWARK LIBERTY INTERNATIONAL AIRPORT, NJ US",2016-11-27,8.72,,0.00,0.0,0.0,43,52,35,,290,300,21.0,27.1
USW00014734,"NEWARK LIBERTY INTERNATIONAL AIRPORT, NJ US",2016-11-28,4.92,,0.00,0.0,0.0,44,54,32,,230,190,13.0,15.0
USW00014734,"NEWARK LIBERTY INTERNATIONAL AIRPORT, NJ US",2016-11-29,8.05,,2.02,0.0,0.0,53,60,49,,150,140,16.1,23.0
USW00014734,"NEWARK LIBERTY INTERNATIONAL AIRPORT, NJ US",2016-11-30,6.93,,1.07,0.0,0.0,56,58,52,,20,30,15.0,19.0
USW00014734,"NEWARK LIBERTY INTERNATIONAL AIRPORT, NJ US",2016-12-01,13.87,,0.11,0.0,0.0,52,55,41,,280,260,28.0,38.0
USW00014734,"NEWARK LIBERTY INTERNATIONAL AIRPORT, NJ US",2016-12-02,14.76,,0.00,0.0,0.0,45,53,38,,270,270,25.1,31.1
USW00014734,"NEWARK LIBERTY INTERNATIONAL AIRPORT, NJ US",2016-12-03,17.00,,0.00,0.0,0.0,45,50,41,,310,300,31.1,36.9
USW00014734,"NEWARK LIBERTY INTERNATIONAL AIRPORT, NJ US",2016-12-04,9.62,,0.00,0.0,0.0,43,48,39,,320,300,19.9,25.9
USW00014734,"NEWARK LIBERTY INTERNATIONAL AIRPORT, NJ US",2016-12-05,8.28,,0.16,0.0,0.0,43,50,37,,290,280,21.9,29.1
USW00014734,"NEWARK LIBERTY INTERNATIONAL AIRPORT, NJ US",2016-12-06,7.61,,0.44,0.0,0.0,42,46,34,,50,50,18.1,23.0
USW00014734,"NEWARK LIBERTY INTERNATIONAL AIRPORT, NJ US",2016-12-07,6.93,,0.05,0.0,0.0,42,48,37,,40,40,15.0,18.1
USW00014734,"NEWARK LIBERTY INTERNATIONAL AIRPORT, NJ US",2016-12-08,10.74,,0.00,0.0,0.0,40,44,33,,270,260,23.9,31.1
USW00014734,"NEWARK LIBERTY INTERNATIONAL AIRPORT, NJ US",2016-12-09,15.66,,0.00,0.0,0.0,35,41,29,,290,310,28.0,36.9
USW00014734,"NEWARK LIBERTY INTERNATIONAL AIRPORT, NJ US",2016-12-10,9.40,,0.00,0.0,0.0,31,37,23,,290,280,18.1,23.9
USW00014734,"NEWARK LIBERTY INTERNATIONAL AIRPORT, NJ US",2016-12-11,5.14,,0.01,0.3,0.0,30,34,25,,200,200,12.1,15.0
USW00014734,"NEWARK LIBERTY INTERNATIONAL AIRPORT, NJ US",2016-12-12,8.72,,0.50,0.0,0.0,38,46,32,,260,260,18.1,23.0
USW00014734,"NEWARK LIBERTY INTERNATIONAL AIRPORT, NJ US",2016-12-13,5.59,,0.00,0.0,0.0,38,44,33,,230,280,13.0,19.9
USW00014734,"NEWARK LIBERTY INTERNATIONAL AIRPORT, NJ US",2016-12-14,9.62,,0.00,0.0,0.0,39,44,32,,290,300,21.9,28.0
USW00014734,"NEWARK LIBERTY INTERNATIONAL AIRPORT, NJ US",2016-12-15,20.58,,0.00,0.1,0.0,28,32,18,,280,290,36.0,46.1
USW00014734,"NEWARK LIBERTY INTERNATIONAL AIRPORT, NJ US",2016-12-16,11.41,,0.00,0.0,0.0,20,28,16,,260,270,19.9,25.1
USW00014734,"NEWARK LIBERTY INTERNATIONAL AIRPORT, NJ US",2016-12-17,4.92,,0.71,3.0,2.0,29,36,24,,210,210,16.1,21.9
USW00014734,"NEWARK LIBERTY INTERNATIONAL AIRPORT, NJ US",2016-12-18,10.51,,0.07,0.0,1.2,42,59,31,,300,310,36.9,45.0
USW00014734,"NEWARK LIBERTY INTERNATIONAL AIRPORT, NJ US",2016-12-19,11.86,,0.00,0.0,0.0,29,31,22,,340,330,21.9,28.0
USW00014734,"NEWARK LIBERTY INTERNATIONAL AIRPORT, NJ US",2016-12-20,6.49,,0.00,0.0,0.0,25,34,18,,240,240,13.0,21.0
USW00014734,"NEWARK LIBERTY INTERNATIONAL AIRPORT, NJ US",2016-12-21,6.26,,0.00,0.0,0.0,32,42,24,,240,260,13.0,17.0
USW00014734,"NEWARK LIBERTY INTERNATIONAL AIRPORT, NJ US",2016-12-22,9.84,,0.00,0.0,0.0,40,51,32,,310,290,25.1,33.1
USW00014734,"NEWARK LIBERTY INTERNATIONAL AIRPORT, NJ US",2016-12-23,9.17,,0.00,0.0,0.0,42,48,34,,310,310,17.0,21.9
USW00014734,"NEWARK LIBERTY INTERNATIONAL AIRPORT, NJ US",2016-12-24,7.61,,0.49,0.0,0.0,41,46,37,,260,240,16.1,21.0
USW00014734,"NEWARK LIBERTY INTERNATIONAL AIRPORT, NJ US",2016-12-25,8.50,,0.00,0.0,0.0,43,52,34,,340,300,15.0,21.9
USW00014734,"NEWARK LIBERTY INTERNATIONAL AIRPORT, NJ US",2016-12-26,7.38,,0.00,0.0,0.0,35,47,29,,230,230,16.1,21.0
USW00014734,"NEWARK LIBERTY INTERNATIONAL AIRPORT, NJ US",2016-12-27,13.65,,0.01,0.0,0.0,53,62,40,,270,270,29.1,38.0
USW00014734,"NEWARK LIBERTY INTERNATIONAL AIRPORT, NJ US",2016-12-28,8.28,,0.00,0.0,0.0,41,43,31,,330,330,19.9,25.1
USW00014734,"NEWARK LIBERTY INTERNATIONAL AIRPORT, NJ US",2016-12-29,8.05,,0.36,0.0,0.0,38,45,31,,170,150,18.1,25.1
USW00014734,"NEWARK LIBERTY INTERNATIONAL AIRPORT, NJ US",2016-12-30,14.99,,0.00,0.0,0.0,37,42,32,,270,270,25.9,33.1
USW00014734,"NEWARK LIBERTY INTERNATIONAL AIRPORT, NJ US",2016-12-31,12.30,,0.00,0.0,0.0,35,44,29,,200,220,21.9,28.0